{"polyfill":["/polyfill-f8d6bc3f3d1ba44ac510.js"],"app":["/app-a9455b3246cf4607aa38.js"],"component---src-pages-common-footer-tsx":["/component---src-pages-common-footer-tsx-4257a11a58e7803f8460.js"],"component---src-pages-common-heroshot-tsx":["/component---src-pages-common-heroshot-tsx-110276696a6743405f30.js"],"component---src-pages-common-navbar-tsx":["/component---src-pages-common-navbar-tsx-39f844e5e35e3cd6c4ed.js"],"component---src-pages-common-resume-tsx":["/component---src-pages-common-resume-tsx-488e806e0a44b15dd968.js"],"component---src-pages-homepage-contact-form-tsx":["/component---src-pages-homepage-contact-form-tsx-8d91e2f0ce609769333e.js"],"component---src-pages-homepage-contacto-tsx":["/component---src-pages-homepage-contacto-tsx-11ab969c7c069a449f43.js"],"component---src-pages-homepage-portfolio-tsx":["/component---src-pages-homepage-portfolio-tsx-17af4781245923e6f638.js"],"component---src-pages-homepage-services-old-tsx":["/component---src-pages-homepage-services-old-tsx-786be7057e2d0051d386.js"],"component---src-pages-homepage-services-tsx":["/component---src-pages-homepage-services-tsx-5eed7aae429ec6e24b70.js"],"component---src-pages-homepage-tagline-tsx":["/component---src-pages-homepage-tagline-tsx-e4855a8172fd82322cfa.js"],"component---src-pages-index-tsx":["/component---src-pages-index-tsx-284280acf00875f9a513.js"]}