{"errors":[],"warnings":[],"namedChunkGroups":{"polyfill":{"chunks":[4,17],"assets":["webpack-runtime-d5fdb13f44e29f8e96c4.js","webpack-runtime-d5fdb13f44e29f8e96c4.js.map","polyfill-f8d6bc3f3d1ba44ac510.js","polyfill-f8d6bc3f3d1ba44ac510.js.map"],"children":{},"childAssets":{}},"app":{"chunks":[4,16,5],"assets":["webpack-runtime-d5fdb13f44e29f8e96c4.js","webpack-runtime-d5fdb13f44e29f8e96c4.js.map","framework-31b40719cb76dbe7926d.js","framework-31b40719cb76dbe7926d.js.map","app-a9455b3246cf4607aa38.js","app-a9455b3246cf4607aa38.js.map"],"children":{},"childAssets":{}},"component---src-pages-common-footer-tsx":{"chunks":[0,2,6],"assets":["styles.85dd89f59325a344586b.css","styles-407fe62976dc5310c43e.js","styles-407fe62976dc5310c43e.js.map","46f791a76bc806701d4e4cc2164c0f00de201e0c-ac64e37f529a4530ff0c.js","46f791a76bc806701d4e4cc2164c0f00de201e0c-ac64e37f529a4530ff0c.js.map","component---src-pages-common-footer-tsx-4257a11a58e7803f8460.js","component---src-pages-common-footer-tsx-4257a11a58e7803f8460.js.map"],"children":{},"childAssets":{}},"component---src-pages-common-heroshot-tsx":{"chunks":[0,7],"assets":["styles.85dd89f59325a344586b.css","styles-407fe62976dc5310c43e.js","styles-407fe62976dc5310c43e.js.map","component---src-pages-common-heroshot-tsx-110276696a6743405f30.js","component---src-pages-common-heroshot-tsx-110276696a6743405f30.js.map"],"children":{},"childAssets":{}},"component---src-pages-common-navbar-tsx":{"chunks":[0,3,8],"assets":["styles.85dd89f59325a344586b.css","styles-407fe62976dc5310c43e.js","styles-407fe62976dc5310c43e.js.map","ba3a0f983042da17bbdb78af1a2f88cd9b64ff15-38576d551221e1b39d4d.js","ba3a0f983042da17bbdb78af1a2f88cd9b64ff15-38576d551221e1b39d4d.js.map","component---src-pages-common-navbar-tsx-39f844e5e35e3cd6c4ed.js","component---src-pages-common-navbar-tsx-39f844e5e35e3cd6c4ed.js.map"],"children":{},"childAssets":{}},"component---src-pages-common-resume-tsx":{"chunks":[0,9],"assets":["styles.85dd89f59325a344586b.css","styles-407fe62976dc5310c43e.js","styles-407fe62976dc5310c43e.js.map","component---src-pages-common-resume-tsx-488e806e0a44b15dd968.js","component---src-pages-common-resume-tsx-488e806e0a44b15dd968.js.map"],"children":{},"childAssets":{}},"component---src-pages-homepage-contact-form-tsx":{"chunks":[0,1],"assets":["styles.85dd89f59325a344586b.css","styles-407fe62976dc5310c43e.js","styles-407fe62976dc5310c43e.js.map","component---src-pages-homepage-contact-form-tsx-8d91e2f0ce609769333e.js","component---src-pages-homepage-contact-form-tsx-8d91e2f0ce609769333e.js.map"],"children":{},"childAssets":{}},"component---src-pages-homepage-contacto-tsx":{"chunks":[0,1,10],"assets":["styles.85dd89f59325a344586b.css","styles-407fe62976dc5310c43e.js","styles-407fe62976dc5310c43e.js.map","component---src-pages-homepage-contact-form-tsx-8d91e2f0ce609769333e.js","component---src-pages-homepage-contact-form-tsx-8d91e2f0ce609769333e.js.map","component---src-pages-homepage-contacto-tsx-11ab969c7c069a449f43.js","component---src-pages-homepage-contacto-tsx-11ab969c7c069a449f43.js.map"],"children":{},"childAssets":{}},"component---src-pages-homepage-portfolio-tsx":{"chunks":[0,11],"assets":["styles.85dd89f59325a344586b.css","styles-407fe62976dc5310c43e.js","styles-407fe62976dc5310c43e.js.map","component---src-pages-homepage-portfolio-tsx-17af4781245923e6f638.js","component---src-pages-homepage-portfolio-tsx-17af4781245923e6f638.js.map"],"children":{},"childAssets":{}},"component---src-pages-homepage-services-old-tsx":{"chunks":[0,12],"assets":["styles.85dd89f59325a344586b.css","styles-407fe62976dc5310c43e.js","styles-407fe62976dc5310c43e.js.map","component---src-pages-homepage-services-old-tsx-786be7057e2d0051d386.js","component---src-pages-homepage-services-old-tsx-786be7057e2d0051d386.js.map"],"children":{},"childAssets":{}},"component---src-pages-homepage-services-tsx":{"chunks":[0,13],"assets":["styles.85dd89f59325a344586b.css","styles-407fe62976dc5310c43e.js","styles-407fe62976dc5310c43e.js.map","component---src-pages-homepage-services-tsx-5eed7aae429ec6e24b70.js","component---src-pages-homepage-services-tsx-5eed7aae429ec6e24b70.js.map"],"children":{},"childAssets":{}},"component---src-pages-homepage-tagline-tsx":{"chunks":[0,14],"assets":["styles.85dd89f59325a344586b.css","styles-407fe62976dc5310c43e.js","styles-407fe62976dc5310c43e.js.map","component---src-pages-homepage-tagline-tsx-e4855a8172fd82322cfa.js","component---src-pages-homepage-tagline-tsx-e4855a8172fd82322cfa.js.map"],"children":{},"childAssets":{}},"component---src-pages-index-tsx":{"chunks":[0,1,3,2,15],"assets":["styles.85dd89f59325a344586b.css","styles-407fe62976dc5310c43e.js","styles-407fe62976dc5310c43e.js.map","component---src-pages-homepage-contact-form-tsx-8d91e2f0ce609769333e.js","component---src-pages-homepage-contact-form-tsx-8d91e2f0ce609769333e.js.map","ba3a0f983042da17bbdb78af1a2f88cd9b64ff15-38576d551221e1b39d4d.js","ba3a0f983042da17bbdb78af1a2f88cd9b64ff15-38576d551221e1b39d4d.js.map","46f791a76bc806701d4e4cc2164c0f00de201e0c-ac64e37f529a4530ff0c.js","46f791a76bc806701d4e4cc2164c0f00de201e0c-ac64e37f529a4530ff0c.js.map","component---src-pages-index-tsx-284280acf00875f9a513.js","component---src-pages-index-tsx-284280acf00875f9a513.js.map"],"children":{},"childAssets":{}}},"assetsByChunkName":{"polyfill":["webpack-runtime-d5fdb13f44e29f8e96c4.js","polyfill-f8d6bc3f3d1ba44ac510.js"],"app":["webpack-runtime-d5fdb13f44e29f8e96c4.js","framework-31b40719cb76dbe7926d.js","app-a9455b3246cf4607aa38.js"],"component---src-pages-common-footer-tsx":["styles.85dd89f59325a344586b.css","styles-407fe62976dc5310c43e.js","46f791a76bc806701d4e4cc2164c0f00de201e0c-ac64e37f529a4530ff0c.js","component---src-pages-common-footer-tsx-4257a11a58e7803f8460.js"],"component---src-pages-common-heroshot-tsx":["styles.85dd89f59325a344586b.css","styles-407fe62976dc5310c43e.js","component---src-pages-common-heroshot-tsx-110276696a6743405f30.js"],"component---src-pages-common-navbar-tsx":["styles.85dd89f59325a344586b.css","styles-407fe62976dc5310c43e.js","ba3a0f983042da17bbdb78af1a2f88cd9b64ff15-38576d551221e1b39d4d.js","component---src-pages-common-navbar-tsx-39f844e5e35e3cd6c4ed.js"],"component---src-pages-common-resume-tsx":["styles.85dd89f59325a344586b.css","styles-407fe62976dc5310c43e.js","component---src-pages-common-resume-tsx-488e806e0a44b15dd968.js"],"component---src-pages-homepage-contact-form-tsx":["styles.85dd89f59325a344586b.css","styles-407fe62976dc5310c43e.js","component---src-pages-homepage-contact-form-tsx-8d91e2f0ce609769333e.js"],"component---src-pages-homepage-contacto-tsx":["styles.85dd89f59325a344586b.css","styles-407fe62976dc5310c43e.js","component---src-pages-homepage-contact-form-tsx-8d91e2f0ce609769333e.js","component---src-pages-homepage-contacto-tsx-11ab969c7c069a449f43.js"],"component---src-pages-homepage-portfolio-tsx":["styles.85dd89f59325a344586b.css","styles-407fe62976dc5310c43e.js","component---src-pages-homepage-portfolio-tsx-17af4781245923e6f638.js"],"component---src-pages-homepage-services-old-tsx":["styles.85dd89f59325a344586b.css","styles-407fe62976dc5310c43e.js","component---src-pages-homepage-services-old-tsx-786be7057e2d0051d386.js"],"component---src-pages-homepage-services-tsx":["styles.85dd89f59325a344586b.css","styles-407fe62976dc5310c43e.js","component---src-pages-homepage-services-tsx-5eed7aae429ec6e24b70.js"],"component---src-pages-homepage-tagline-tsx":["styles.85dd89f59325a344586b.css","styles-407fe62976dc5310c43e.js","component---src-pages-homepage-tagline-tsx-e4855a8172fd82322cfa.js"],"component---src-pages-index-tsx":["styles.85dd89f59325a344586b.css","styles-407fe62976dc5310c43e.js","component---src-pages-homepage-contact-form-tsx-8d91e2f0ce609769333e.js","ba3a0f983042da17bbdb78af1a2f88cd9b64ff15-38576d551221e1b39d4d.js","46f791a76bc806701d4e4cc2164c0f00de201e0c-ac64e37f529a4530ff0c.js","component---src-pages-index-tsx-284280acf00875f9a513.js"]}}